Brunson_bucket,W,L,Team_ORTG,Team_DRTG,Bridges_pts,KAT_pts,OG_pts,Win%
<10,2,7,103.8,112.8,22.4,26.8,14.2,0.2222222222222222
10–14,6,8,107.4,113.1,20.8,24.4,12.8,0.42857142857142855
15–19,12,6,116.8,113.4,18.2,22.8,12.1,0.6666666666666666
20–24,14,0,122.4,113.6,15.4,20.4,11.4,1.0
25–29,8,0,127.1,113.8,13.2,18.8,10.8,1.0
30+,7,0,131.8,114.1,11.4,17.2,10.2,1.0
