Team,W,L,ORTG,DRTG,FG_pct,FG3_pct,TOV_rate,NET,Win_pct
NYK,18,2,115.8,113.1,0.441,0.358,11.4,2.700000000000003,0.9
OKC,19,4,118.4,109.2,0.468,0.382,9.8,9.200000000000003,0.8260869565217391
SAS,16,7,116.9,112.4,0.452,0.371,10.6,4.5,0.6956521739130435
