Season,Opp,W,L,NYK_PPG,OPP_PPG,Home_W,Away_W,Win%,PPG_diff
2022-23,OKC,1,1,108.5,112.8,1,0,0.5,-4.299999999999997
2023-24,OKC,0,2,105.4,116.1,0,0,0.0,-10.699999999999989
2024-25,OKC,0,2,103.8,115.6,0,0,0.0,-11.799999999999997
2025-26,OKC,0,2,103.5,115.0,0,0,0.0,-11.5
2022-23,SAS,2,0,121.0,98.5,1,1,1.0,22.5
2023-24,SAS,2,0,116.4,104.2,1,1,1.0,12.200000000000003
2024-25,SAS,2,0,112.8,106.4,1,1,1.0,6.3999999999999915
2025-26,SAS,1,1,108.5,113.5,1,0,0.5,-5.0
